site,n_months,changepoint_detected,split_month_idx,before_mean,after_mean,jump,cleansed_voltage_level,dc_type,abs_jump,pattern
Data Centre #89,41,True,15.0,0.5761093899385296,0.011529601655189693,-0.5645797882833399,Low Voltage Import,Co-located,0.5645797882833399,went_dark
Data Centre #14,41,True,10.0,0.25503046385846795,0.0004252764243312593,-0.2546051874341367,Extra-High Voltage Import,Co-located,0.2546051874341367,went_dark
Data Centre #56,36,True,10.0,0.24830519355440508,0.007117519527970879,-0.2411876740264342,High Voltage Import,Co-located,0.2411876740264342,went_dark
Data Centre #19,41,True,20.0,0.02716670002657997,0.2677759838769783,0.24060928385039834,High Voltage Import,Co-located,0.24060928385039834,active_shift
Data Centre #82,41,True,10.0,0.010162276665305389,0.23509316756718024,0.22493089090187485,Low Voltage Import,Co-located,0.22493089090187485,appeared
Data Centre #70,41,True,30.0,0.25034530588499415,0.03116774100194419,-0.21917756488304996,High Voltage Import,Co-located,0.21917756488304996,active_shift
Data Centre #80,41,True,10.0,0.2871298140709214,0.0717531952531881,-0.21537661881773332,Low Voltage Import,Enterprise,0.21537661881773332,active_shift
Data Centre #41,41,True,35.0,0.027393319712748346,0.23213361822580156,0.2047402985130532,High Voltage Import,Co-located,0.2047402985130532,active_shift
Data Centre #88,32,True,15.0,0.20696515567459184,0.025939690025027634,-0.1810254656495642,Low Voltage Import,Co-located,0.1810254656495642,active_shift
Data Centre #27,41,True,15.0,0.22388869302021822,0.04451086523561688,-0.17937782778460135,High Voltage Import,Co-located,0.17937782778460135,active_shift
Data Centre #28,41,True,35.0,0.12891769643652914,0.2914351103227958,0.16251741388626664,High Voltage Import,Co-located,0.16251741388626664,active_shift
Data Centre #45,41,True,20.0,0.008497733014735009,0.16650842422494083,0.15801069121020583,High Voltage Import,Co-located,0.15801069121020583,appeared
Data Centre #53,41,True,10.0,0.1595305399386334,0.008099874142325166,-0.15143066579630823,High Voltage Import,Co-located,0.15143066579630823,went_dark
Data Centre #72,37,True,25.0,0.14092106083576236,0.005008479173887403,-0.13591258166187495,Low Voltage Import,Enterprise,0.13591258166187495,small_or_no_change
Data Centre #73,41,True,25.0,0.011075137651640749,0.1353374585478445,0.12426232089620376,Low Voltage Import,Co-located,0.12426232089620376,small_or_no_change
Data Centre #18,41,True,30.0,0.15790231564946638,0.27879489324448126,0.12089257759501487,High Voltage Import,Co-located,0.12089257759501487,small_or_no_change
Data Centre #15,41,True,30.0,0.28376104987186435,0.3985314373234173,0.11477038745155294,Extra-High Voltage Import,Co-located,0.11477038745155294,small_or_no_change
Data Centre #54,41,True,10.0,0.2829401866743143,0.18217417992986518,-0.10076600674444913,High Voltage Import,Co-located,0.10076600674444913,small_or_no_change
Data Centre #8,41,True,35.0,0.028520787597945133,0.11995706450924315,0.09143627691129802,Extra-High Voltage Import,Co-located,0.09143627691129802,small_or_no_change
Data Centre #78,41,True,35.0,0.5641742742908458,0.47462380338438576,-0.08955047090646001,Low Voltage Import,Co-located,0.08955047090646001,small_or_no_change
Data Centre #22,41,True,10.0,0.2685743011674002,0.18044951966345635,-0.08812478150394387,High Voltage Import,Enterprise,0.08812478150394387,small_or_no_change
Data Centre #25,41,True,25.0,0.45819439031147025,0.3701274747011337,-0.08806691561033653,High Voltage Import,Enterprise,0.08806691561033653,small_or_no_change
Data Centre #4,41,True,25.0,0.19968027934699106,0.2745301902527814,0.07484991090579035,High Voltage Import,Co-located,0.07484991090579035,small_or_no_change
Data Centre #11,41,True,10.0,0.4259731146158633,0.3530617508216915,-0.07291136379417179,High Voltage Import,Enterprise,0.07291136379417179,small_or_no_change
Data Centre #47,41,True,20.0,0.2968443679267775,0.36915441457961495,0.07231004665283747,High Voltage Import,Co-located,0.07231004665283747,small_or_no_change
Data Centre #81,41,True,35.0,0.4107266270381049,0.33863832643240527,-0.07208830060569965,Low Voltage Import,Co-located,0.07208830060569965,small_or_no_change
Data Centre #35,41,True,10.0,0.6045471358262361,0.532999482415501,-0.0715476534107351,High Voltage Import,Co-located,0.0715476534107351,small_or_no_change
Data Centre #29,41,True,10.0,0.23978007986552635,0.16891314789162556,-0.07086693197390079,High Voltage Import,Enterprise,0.07086693197390079,small_or_no_change
Data Centre #1,41,True,35.0,0.027117331544699384,0.09603150397262816,0.06891417242792877,Extra-High Voltage Import,Enterprise,0.06891417242792877,small_or_no_change
Data Centre #77,41,True,35.0,0.34034014989112604,0.271479056722879,-0.06886109316824707,Low Voltage Import,Co-located,0.06886109316824707,small_or_no_change
Data Centre #62,41,True,20.0,0.31550097639433133,0.24670962253200396,-0.06879135386232738,High Voltage Import,Co-located,0.06879135386232738,small_or_no_change
Data Centre #2,41,True,25.0,0.05743972329528121,0.12398307817631815,0.06654335488103694,Extra-High Voltage Import,Co-located,0.06654335488103694,small_or_no_change
Data Centre #74,41,True,5.0,0.3507364870199764,0.41476295541107056,0.06402646839109416,Low Voltage Import,Co-located,0.06402646839109416,small_or_no_change
Data Centre #38,41,True,10.0,0.30586566788245617,0.2476173957316442,-0.058248272150811964,High Voltage Import,Co-located,0.058248272150811964,small_or_no_change
Data Centre #52,41,True,35.0,0.38683376411813564,0.3293191719360721,-0.05751459218206356,High Voltage Import,Co-located,0.05751459218206356,small_or_no_change
Data Centre #3,41,True,25.0,0.2659430090397248,0.20868207410586634,-0.05726093493385845,Extra-High Voltage Import,Co-located,0.05726093493385845,small_or_no_change
Data Centre #76,41,True,15.0,0.43031967079935474,0.4853719857258791,0.05505231492652435,High Voltage Import,Co-located,0.05505231492652435,small_or_no_change
Data Centre #51,41,True,35.0,0.5314918512122877,0.48174036388798075,-0.04975148732430695,High Voltage Import,Enterprise,0.04975148732430695,small_or_no_change
Data Centre #26,41,True,35.0,0.07511119165156828,0.12481606044285258,0.0497048687912843,High Voltage Import,Co-located,0.0497048687912843,small_or_no_change
Data Centre #49,41,True,30.0,0.13145413841165252,0.08178063773471222,-0.04967350067694029,High Voltage Import,Co-located,0.04967350067694029,small_or_no_change
Data Centre #21,41,True,35.0,0.40276726323082074,0.3613958904682461,-0.04137137276257463,High Voltage Import,Co-located,0.04137137276257463,small_or_no_change
Data Centre #34,41,True,10.0,0.39568510097889525,0.3576112726889378,-0.03807382828995748,High Voltage Import,Co-located,0.03807382828995748,small_or_no_change
Data Centre #6,41,True,25.0,0.05559796642923948,0.093483864461983,0.03788589803274351,Extra-High Voltage Import,Co-located,0.03788589803274351,small_or_no_change
Data Centre #92,41,True,25.0,0.0953983081449155,0.05762433840856928,-0.03777396973634622,Low Voltage Import,Co-located,0.03777396973634622,small_or_no_change
Data Centre #85,41,True,30.0,0.07580295321708681,0.040597470929712984,-0.03520548228737383,Low Voltage Import,Co-located,0.03520548228737383,small_or_no_change
Data Centre #61,41,True,20.0,0.4728918337699984,0.4389752919778094,-0.033916541792189,High Voltage Import,Enterprise,0.033916541792189,small_or_no_change
Data Centre #23,41,True,10.0,0.24855581425247258,0.2148351550327461,-0.03372065921972647,Extra-High Voltage Import,Enterprise,0.03372065921972647,small_or_no_change
Data Centre #33,41,True,35.0,0.009910335653814575,0.04229324301529738,0.032382907361482804,High Voltage Import,Co-located,0.032382907361482804,small_or_no_change
Data Centre #50,41,True,30.0,0.13034082436650202,0.09867592210800842,-0.031664902258493596,High Voltage Import,Co-located,0.031664902258493596,small_or_no_change
Data Centre #68,41,True,5.0,0.6489573973606051,0.6800281876262381,0.031070790265632975,High Voltage Import,Co-located,0.031070790265632975,small_or_no_change
Data Centre #17,41,True,30.0,0.3679410400334619,0.3984034756697792,0.030462435636317287,High Voltage Import,Co-located,0.030462435636317287,small_or_no_change
Data Centre #86,41,True,30.0,0.15749446909482276,0.1876961851236933,0.030201716028870534,Low Voltage Import,Co-located,0.030201716028870534,small_or_no_change
Data Centre #20,41,True,15.0,0.24351769445304466,0.21416636107627932,-0.02935133337676535,High Voltage Import,Co-located,0.02935133337676535,small_or_no_change
Data Centre #69,41,True,20.0,0.25702642352156463,0.22801993848016017,-0.02900648504140446,Low Voltage Import,Co-located,0.02900648504140446,small_or_no_change
Data Centre #58,41,True,15.0,0.23682963338465823,0.2083862935035911,-0.02844333988106712,High Voltage Import,Co-located,0.02844333988106712,small_or_no_change
Data Centre #36,41,True,20.0,0.22568350792444022,0.1975793566148291,-0.028104151309611136,High Voltage Import,Co-located,0.028104151309611136,small_or_no_change
Data Centre #48,41,True,30.0,0.2918253372227181,0.26450348434095633,-0.027321852881761755,High Voltage Import,Co-located,0.027321852881761755,small_or_no_change
Data Centre #83,41,True,35.0,0.17089161444621628,0.14414645358023384,-0.026745160865982442,Low Voltage Import,Enterprise,0.026745160865982442,small_or_no_change
Data Centre #10,41,True,10.0,0.3902427911674292,0.3641093985393972,-0.026133392628031993,High Voltage Import,Co-located,0.026133392628031993,small_or_no_change
Data Centre #44,41,True,25.0,0.010168835849691667,0.033264773414582935,0.02309593756489127,High Voltage Import,Co-located,0.02309593756489127,small_or_no_change
Data Centre #39,41,True,30.0,0.2574589754172789,0.27950461260157466,0.022045637184295752,High Voltage Import,Enterprise,0.022045637184295752,small_or_no_change
Data Centre #40,41,True,30.0,0.18030206021091238,0.16024353745625705,-0.020058522754655334,High Voltage Import,Co-located,0.020058522754655334,small_or_no_change
Data Centre #71,41,True,10.0,0.30702385912589714,0.2872334902674984,-0.019790368858398744,High Voltage Import,Co-located,0.019790368858398744,small_or_no_change
Data Centre #5,41,True,10.0,0.22728582941913195,0.20842308051074945,-0.018862748908382493,High Voltage Import,Co-located,0.018862748908382493,small_or_no_change
Data Centre #16,41,True,25.0,0.1864258196466021,0.20350392161759545,0.017078101970993353,High Voltage Import,Co-located,0.017078101970993353,small_or_no_change
Data Centre #87,41,True,10.0,0.37731356886522127,0.36050739153871436,-0.01680617732650691,Low Voltage Import,Co-located,0.01680617732650691,small_or_no_change
Data Centre #31,39,True,10.0,0.0,0.016527993306921795,0.016527993306921795,High Voltage Import,Enterprise,0.016527993306921795,small_or_no_change
Data Centre #57,41,True,20.0,0.29843603261469875,0.28369917974562064,-0.01473685286907811,High Voltage Import,Co-located,0.01473685286907811,small_or_no_change
Data Centre #42,41,True,20.0,0.0008064203127676223,0.014233960769106884,0.013427540456339261,High Voltage Import,Co-located,0.013427540456339261,small_or_no_change
Data Centre #66,41,True,20.0,0.07741510125330214,0.06459752491400723,-0.012817576339294909,High Voltage Import,Co-located,0.012817576339294909,small_or_no_change
Data Centre #43,41,True,20.0,0.0015487476586104987,0.013613424390164311,0.012064676731553812,High Voltage Import,Co-located,0.012064676731553812,small_or_no_change
Data Centre #63,41,True,20.0,0.04827896406017581,0.039195320002528296,-0.009083644057647514,High Voltage Import,Co-located,0.009083644057647514,small_or_no_change
Data Centre #46,41,True,20.0,0.2520585524088953,0.2440574100546791,-0.0080011423542162,High Voltage Import,Co-located,0.0080011423542162,small_or_no_change
Data Centre #79,41,True,25.0,0.0376850308516272,0.0449923360973343,0.0073073052457071005,Low Voltage Import,Co-located,0.0073073052457071005,small_or_no_change
Data Centre #84,41,True,30.0,0.08439527908678691,0.0892817861683489,0.0048865070815619915,Low Voltage Import,Co-located,0.0048865070815619915,small_or_no_change
Data Centre #55,41,True,10.0,0.0055607526347105874,0.0014840581084893999,-0.004076694526221188,High Voltage Import,Co-located,0.004076694526221188,small_or_no_change
Data Centre #9,41,True,5.0,0.002693040601510378,0.000726468924113266,-0.001966571677397112,Extra-High Voltage Import,Enterprise,0.001966571677397112,small_or_no_change
Data Centre #90,15,True,5.0,0.011179721875283028,0.009978133048290585,-0.0012015888269924432,Low Voltage Import,Enterprise,0.0012015888269924432,small_or_no_change
Data Centre #32,41,False,,,,0.0,Extra-High Voltage Import,Co-located,0.0,small_or_no_change
Data Centre #30,41,False,,,,0.0,High Voltage Import,Enterprise,0.0,small_or_no_change
Data Centre #24,41,False,,,,0.0,High Voltage Import,Co-located,0.0,small_or_no_change
Data Centre #12,41,False,,,,0.0,High Voltage Import,Co-located,0.0,small_or_no_change
Data Centre #64,41,False,,,,0.0,High Voltage Import,Co-located,0.0,small_or_no_change
Data Centre #60,41,False,,,,0.0,High Voltage Import,Co-located,0.0,small_or_no_change
Data Centre #65,41,False,,,,0.0,High Voltage Import,Co-located,0.0,small_or_no_change
Data Centre #7,41,False,,,,0.0,Extra-High Voltage Import,Co-located,0.0,small_or_no_change
Data Centre #75,41,False,,,,0.0,Low Voltage Import,Enterprise,0.0,small_or_no_change
Data Centre #91,31,False,,,,0.0,Low Voltage Import,Co-located,0.0,small_or_no_change
Data Centre #94,19,False,,,,0.0,Low Voltage Import,Co-located,0.0,small_or_no_change
Data Centre #95,41,False,,,,0.0,Low Voltage Import,Co-located,0.0,small_or_no_change
