anonymised_data_centre_name,voltage,dc_type,mean_util,median_util,p95_util,max_util,n_readings
Data Centre #1,Extra-High Voltage Import,Enterprise,0.035545245,0.02118,0.11039539,0.21580283,58222
Data Centre #10,High Voltage Import,Co-located,0.37087888,0.3693785,0.40034786,0.42757276,58222
Data Centre #11,High Voltage Import,Enterprise,0.37180075,0.36641517,0.45027444,0.6545614,58318
Data Centre #12,High Voltage Import,Co-located,0.3559819,0.34356046,0.443588,0.5445057,58270
Data Centre #13,High Voltage Import,Co-located,0.33611137,0.33614212,0.39503512,1.8196754,58222
Data Centre #14,Extra-High Voltage Import,Co-located,0.062558524,4e-05,0.4747093,0.49393943,58318
Data Centre #15,Extra-High Voltage Import,Co-located,0.31219444,0.29360417,0.419836,0.5733874,58174
Data Centre #16,High Voltage Import,Co-located,0.19280213,0.191575,0.213525,0.2395261,58174
Data Centre #17,High Voltage Import,Co-located,0.37431717,0.36695093,0.4433046,0.65074867,58270
Data Centre #18,High Voltage Import,Co-located,0.18821059,0.18630114,0.30208534,0.37391135,58174
Data Centre #19,High Voltage Import,Co-located,0.14691192,0.14475,0.34253553,0.38526803,58222
Data Centre #2,Extra-High Voltage Import,Co-located,0.082646675,0.065855555,0.13769445,0.16055556,58270
Data Centre #20,High Voltage Import,Co-located,0.2253351,0.22289518,0.25547978,0.2683023,58174
Data Centre #21,High Voltage Import,Co-located,0.39740467,0.39658782,0.4366103,0.50268614,58222
Data Centre #22,High Voltage Import,Enterprise,0.2026546,0.185225,0.28192416,0.48694617,58174
Data Centre #23,Extra-High Voltage Import,Enterprise,0.22281519,0.21777502,0.26141414,0.7097843,58222
Data Centre #24,High Voltage Import,Co-located,0.0,0.0,0.0,0.0,58222
Data Centre #25,High Voltage Import,Enterprise,0.42493126,0.430147,0.5147461,0.57483006,58174
Data Centre #26,High Voltage Import,Co-located,0.08120075,0.0762973,0.12702702,0.5291351,58174
Data Centre #27,High Voltage Import,Co-located,0.11229392,0.068453416,0.26117733,0.28248367,57838
Data Centre #28,High Voltage Import,Co-located,0.14995001,0.12633455,0.29720324,0.35675144,58270
Data Centre #29,High Voltage Import,Enterprise,0.18668617,0.16125906,0.41960004,0.5102818,58222
Data Centre #3,Extra-High Voltage Import,Co-located,0.24457814,0.25161833,0.29318017,0.40522334,58270
Data Centre #30,High Voltage Import,Enterprise,0.18081468,0.15726873,0.41574442,0.504138,58270
Data Centre #31,High Voltage Import,Enterprise,0.01234837,0.012642857,0.030892856,0.047214285,54814
Data Centre #32,Extra-High Voltage Import,Co-located,0.018534165,0.0,0.119934596,0.6102882,58030
Data Centre #33,High Voltage Import,Co-located,0.013964334,0.009724608,0.04872,0.32228532,58318
Data Centre #34,High Voltage Import,Co-located,0.3669586,0.35962147,0.41283438,0.46444377,58270
Data Centre #35,High Voltage Import,Co-located,0.55177426,0.55282855,0.6271936,0.755018,58078
Data Centre #36,High Voltage Import,Co-located,0.21161708,0.2110382,0.24962729,0.30246693,58078
Data Centre #37,High Voltage Import,Enterprise,0.2422192,0.21176,0.57924,1.0204222,52944
Data Centre #38,High Voltage Import,Co-located,0.26226515,0.26210088,0.32408395,0.39743105,58414
Data Centre #39,High Voltage Import,Enterprise,0.26294455,0.2632684,0.29449978,0.38950375,58222
Data Centre #4,High Voltage Import,Co-located,0.22791174,0.220896,0.30033362,0.35632148,58222
Data Centre #40,High Voltage Import,Co-located,0.17532507,0.1763002,0.1903905,0.20433481,58222
Data Centre #41,High Voltage Import,Co-located,0.0535486,0.0,0.22699387,0.96665347,58174
Data Centre #42,High Voltage Import,Co-located,0.0076278104,0.0053602653,0.01585016,0.26964796,58174
Data Centre #43,High Voltage Import,Co-located,0.00771866,0.00595,0.0149,0.27491724,58174
Data Centre #44,High Voltage Import,Co-located,0.01916512,0.0,0.04,0.96480376,58174
Data Centre #45,High Voltage Import,Co-located,0.08640513,0.10875,0.233,0.84252435,58174
Data Centre #46,High Voltage Import,Co-located,0.24770814,0.24655083,0.26513928,0.3182727,58222
Data Centre #47,High Voltage Import,Co-located,0.33265808,0.33882666,0.38654852,0.66186666,58222
Data Centre #48,High Voltage Import,Co-located,0.2851476,0.28586668,0.31413335,0.54688,58222
Data Centre #49,High Voltage Import,Co-located,0.12002379,0.12856129,0.14345898,0.18086271,58174
Data Centre #5,High Voltage Import,Co-located,0.21277428,0.21142426,0.23391087,0.25755984,58318
Data Centre #50,High Voltage Import,Co-located,0.123654224,0.1262975,0.14349967,0.1778874,58174
Data Centre #51,High Voltage Import,Enterprise,0.52504975,0.5363509,0.6105727,0.7332337,58222
Data Centre #52,High Voltage Import,Co-located,0.37929857,0.38146478,0.42688632,0.5966004,58126
Data Centre #53,High Voltage Import,Co-located,0.04520015,0.004118252,0.17840411,0.22419754,58174
Data Centre #54,High Voltage Import,Co-located,0.20653816,0.18293333,0.29315105,0.32039118,58174
Data Centre #55,High Voltage Import,Co-located,0.0024532047,0.0024156894,0.008684597,0.01688247,57262
Data Centre #56,High Voltage Import,Co-located,0.07365198,0.0132,0.41366878,0.5684711,51456
Data Centre #57,High Voltage Import,Co-located,0.29100114,0.28230596,0.3508314,0.51939344,57838
Data Centre #58,High Voltage Import,Co-located,0.21902286,0.18,0.37214217,0.4932653,58222
Data Centre #59,High Voltage Import,Co-located,0.65643525,0.6620157,0.712335,1.3223618,57982
Data Centre #6,Extra-High Voltage Import,Co-located,0.069590315,0.06665287,0.10485977,0.24584757,58174
Data Centre #60,High Voltage Import,Co-located,0.099456675,0.097625,0.13612506,0.20400222,58222
Data Centre #61,High Voltage Import,Enterprise,0.45603192,0.46653333,0.49973333,0.5258667,58174
Data Centre #62,High Voltage Import,Co-located,0.2813479,0.27073514,0.3436197,0.37769383,58222
Data Centre #63,High Voltage Import,Co-located,0.043780606,0.041538462,0.060769424,0.107257366,58174
Data Centre #64,High Voltage Import,Co-located,0.33361602,0.3233542,0.4138881,0.5233166,57982
Data Centre #65,High Voltage Import,Co-located,0.0,0.0,0.0,0.0,58222
Data Centre #66,High Voltage Import,Co-located,0.0707833,0.06846583,0.094871804,0.17390499,58222
Data Centre #67,High Voltage Import,Co-located,1.2471573,1.3858858,1.5884556,1.6827168,58222
Data Centre #68,High Voltage Import,Co-located,0.6759658,0.6774,0.7144,0.7836,58174
Data Centre #69,Low Voltage Import,Co-located,0.2429421,0.24025196,0.29033774,0.32209316,58174
Data Centre #7,Extra-High Voltage Import,Co-located,0.357928,0.3628694,0.38784942,0.73294836,57838
Data Centre #70,High Voltage Import,Co-located,0.19531792,0.24256876,0.29460296,0.45136935,58222
Data Centre #71,High Voltage Import,Co-located,0.29229736,0.29088604,0.31614888,0.40738434,58174
Data Centre #72,Low Voltage Import,Enterprise,0.09737919,0.1348,0.1698,0.1828,53136
Data Centre #73,Low Voltage Import,Co-located,0.058148347,0.022606194,0.24192771,0.5481834,58174
Data Centre #74,Low Voltage Import,Co-located,0.40511724,0.40455782,0.47272363,0.57419264,58222
Data Centre #75,Low Voltage Import,Enterprise,0.0,0.0,0.0,0.0,58174
Data Centre #76,High Voltage Import,Co-located,0.46602264,0.47263157,0.51410526,0.5706067,58174
Data Centre #77,Low Voltage Import,Co-located,0.3314062,0.32850766,0.3868171,0.680714,58174
Data Centre #78,Low Voltage Import,Co-located,0.5526856,0.56225,0.6115,0.65725,58174
Data Centre #79,Low Voltage Import,Co-located,0.040449087,0.04004997,0.050772164,0.07875,58174
Data Centre #8,Extra-High Voltage Import,Co-located,0.039938223,1.6e-05,0.33256558,0.40156668,58174
Data Centre #80,Low Voltage Import,Enterprise,0.12423318,0.07366667,0.32366666,0.404,58270
Data Centre #81,Low Voltage Import,Co-located,0.4014611,0.40732244,0.44022197,0.53272134,58174
Data Centre #82,Low Voltage Import,Co-located,0.1800725,0.21181333,0.33913943,0.49913347,56830
Data Centre #83,Low Voltage Import,Enterprise,0.16739172,0.1688,0.20059592,0.25892824,58222
Data Centre #84,Low Voltage Import,Co-located,0.08572378,0.08444444,0.1,0.17555556,58222
Data Centre #85,Low Voltage Import,Co-located,0.06711545,0.072,0.09165014,0.13749003,58270
Data Centre #86,Low Voltage Import,Co-located,0.16530375,0.16375,0.195004,0.2574666,58174
Data Centre #87,Low Voltage Import,Co-located,0.36571923,0.36004534,0.44142857,0.6957143,58222
Data Centre #88,Low Voltage Import,Co-located,0.11312232,0.15317692,0.26087952,0.39790848,45022
Data Centre #89,Low Voltage Import,Co-located,0.22051105,0.0,0.63666666,0.89666665,58126
Data Centre #9,Extra-High Voltage Import,Enterprise,0.000983321,0.00096,0.0028088319,0.0034689112,58270
Data Centre #91,Low Voltage Import,Co-located,0.0,0.0,0.0,0.0,44782
Data Centre #92,Low Voltage Import,Co-located,0.081238575,0.09,0.106,0.134,58270
Data Centre #93,Low Voltage Import,Co-located,0.03816486,0.0,0.05962848,3.991985,33936
Data Centre #94,Low Voltage Import,Co-located,0.07947877,0.08222222,0.15802798,0.3,26350
Data Centre #95,Low Voltage Import,Co-located,0.16860694,0.14545454,0.47878787,0.8939394,58174
Data Centre #96,Extra-High Voltage Import,Co-located,0.0045980015,0.0,0.012121212,1.4771601,58078
Data Centre #90,Low Voltage Import,Enterprise,0.010982397,0.009090909,0.04185769,0.12609848,19826
